{"DQN": [14.187191, 24.790638, 28.791554, 33.303048, 38.097106, 43.108911, 42.775, 44.98125, 45.5875, 44.15, 44.95625, 46.825, 46.33125, 48.41875, 47.23125, 45.05625, 44.9625, 47.34375, 45.45625, 47.25625, 46.075, 48.025, 47.46875, 48.500635, 49.88125, 46.05, 44.484596, 50.93125, 49.48125, 47.73125, 44.64375, 46.801869, 45.86875, 46.93125, 47.26875, 48.720918, 47.85, 46.2875, 49.46275, 48.9625, 47.867609, 48.25, 44.666247, 44.95625, 46.465237, 47.487065, 47.6115, 48.45625, 46.3375, 49.825865, 47.378889, 49.086829, 45.548555, 46.761563, 47.294061, 47.379851, 47.164492, 49.62257, 46.969261, 49.302283, 44.350592, 45.410014, 47.446314, 46.708592, 46.102728, 50.780875, 47.710973, 45.361692, 49.088646, 45.896847, 44.275947, 43.522768, 47.05, 42.651035, 45.121153, 43.863087, 50.803771, 48.89254, 46.273774, 48.985512], "PPO": [14.903225, 34.28284, 40.896234, 39.035992, 41.299404, 44.329465, 43.56391, 42.956836, 43.590817, 44.0125, 43.778663, 45.333309, 44.76875, 46.498733, 48.625, 43.91875, 42.41404, 45.601492, 46.214675, 45.70067, 42.732236, 47.979126, 45.78222, 46.037686, 45.725713, 44.489255, 46.2375, 49.336403, 47.609745, 45.5875, 45.59375, 48.69025, 45.63441, 45.118676, 46.304215, 49.162455, 46.988315, 44.675439, 49.781395, 49.53125, 48.01675, 47.108604, 45.475, 44.12361, 45.447369, 47.10625, 46.2625, 46.84375, 46.03125, 47.814333, 47.875, 51.2, 46.48125, 47.1875, 47.0935, 48.7205, 48.085899, 50.58125, 49.08125, 48.4625, 46.584999, 46.19375, 47.754317, 47.546731, 47.707, 51.3625, 47.546186, 49.6, 52.650996, 48.742207, 48.775, 46.09225, 47.99725, 45.715, 46.795627, 45.900035, 48.956217, 50.665141, 46.652475, 46.691096], "SAC": [25.174232, 20.176202, 26.053227, 29.79375, 29.658767, 35.44793, 38.143783, 40.690404, 38.532273, 40.1875, 41.8683, 45.206845, 46.31875, 46.84375, 48.08125, 44.43125, 44.71875, 47.6375, 46.375, 47.75625, 45.15, 47.65, 47.258718, 48.50625, 47.45625, 45.2625, 44.83125, 49.5625, 47.1125, 45.08125, 45.4875, 47.975, 46.0375, 46.36875, 47.48125, 49.61275, 47.11875, 47.04375, 49.71875, 49.1875, 49.65625, 48.4, 44.53125, -909.0955, 46.59375, -412.8095, -98.72575, -138.2025, 8.06475, -288.723, -363.74825, -411.1135, -201.90675, -262.283, 13.1785, 48.751, 48.65625, 50.3875, 49.24375, 48.075, 46.9625, 45.30625, 47.93125, 47.8375, 46.5625, 50.45625, 47.45625, 45.84375, 50.34375, 47.0875, 46.3625, 44.85625, 45.129962, 42.668991, 47.3, 43.94375, 50.30625, 48.1375, 45.6625, 46.91875]}