{
  "Static": {
    "reward_mean": -2645.097,
    "reward_std": 6067.313428296826,
    "served": 7851.6,
    "avg_jct": 34.304051421809454,
    "p99_jct": 63.7
  },
  "Threshold": {
    "reward_mean": 7292.961999999998,
    "reward_std": 317.51169709319447,
    "served": 8318.4,
    "avg_jct": 4.805328808995081,
    "p99_jct": 7.0
  },
  "Downstream-Aware": {
    "reward_mean": 7181.165999999999,
    "reward_std": 308.3122480278703,
    "served": 8314.2,
    "avg_jct": 5.321330637695505,
    "p99_jct": 7.9
  },
  "PPO": {
    "reward_mean": 7841.642999999998,
    "reward_std": 339.0613267920708,
    "served": 8333.9,
    "avg_jct": 2.2976911206992336,
    "p99_jct": 3.1
  }
}