{
  "DQN_500k": {
    "reward": 48.231075000000004,
    "std": 1.4464065496515983
  },
  "PPO_500k": {
    "reward": 51.48406249999941,
    "std": 1.3932643141984036
  },
  "SAC_500k": {
    "reward": 52.00534999999953,
    "std": 1.5328588739671933
  }
}